Activity Name,Stage,Duration,Purpose,Best Used When,Inputs Required,Outputs Produced,Activity Outcomes,Techniques Used,Preparation Needed,Step-by-Step Flow,Timing Breakdown,Facilitator Notes,If Running Long,Good Output Looks Like,FigJam Board Requirements,Layout Type,Remote Friendly,Complexity,Energy Level,Recommended Participants,Activity family
Objectives and Key Results (OKRs),Goals,60 mins,Create alignment around a shared objective and define measurable indicators of success.,"The team has competing priorities, unclear success measures, multiple stakeholder opinions, or lacks a shared direction. Useful for quarterly planning, strategy workshops and project kick-offs.","Business goal, Stakeholders, Team context","Alignment, Key results, Shared goal, Success metrics","Alignment, Commitment, Goal setting, Strategy definition, Success measurement","Blind vote, Clustering, Discussion, Dot voting, Theme Sort",Before the workshop ask participants to submit one proposed objective.Prepare a board with:- Objective submission area- Objective clustering area- Voting area- Metrics generation area- Final OKR area- Actions and owners areaEnsure everyone understands the purpose of the session before joining.,"Step 1 – Introduction

Explain the purpose of the session.

Introduce Objectives and Key Results.

Explain that the goal is to align around one primary objective and define measurable indicators of success.

---

Step 2 – Review Objectives

Review all submitted objectives.

Ensure everyone understands each proposal.

Clarify wording where necessary.

---

Step 3 – Theme Sort Objectives

Group similar objectives together.

Identify common themes.

Discuss overlaps and differences.

---

Step 4 – Select Objective

Discuss the strongest options.

Run a blind vote.

If necessary conduct a second round.

Agree one primary objective.

---

Step 5 – Generate Success Metrics

Ask participants:

How would we know we are making progress?

Capture all suggested metrics.

Focus on quantity over quality initially.

---

Step 6 – Theme Sort Metrics

Group similar metrics.

Remove duplicates.

Identify the strongest indicators of success.

---

Step 7 – Select Metrics

Use dot voting or blind voting.

Select the three most meaningful metrics.

---

Step 8 – Create Key Results

Convert each metric into a measurable target.

Example:

Metric:
Customer retention

Key Result:
Increase customer retention from 62% to 75%.

---

Step 9 – Review and Commit

Review the final objective.

Review all key results.

Confirm ownership.

Agree review cadence and next steps.","5 mins – Introduction

5 mins – Review Objectives

10 mins – Theme Sort Objectives

10 mins – Discuss & Blind Vote

10 mins – Generate Metrics

5 mins – Theme Sort Metrics

5 mins – Vote on Metrics

5 mins – Create Key Results

5 mins – Review & Commit

Total = 60 mins","Push for a single objective.

Challenge vague wording.

Avoid discussing solutions.

Focus on outcomes rather than outputs.

Encourage ambitious but realistic key results.

Keep debate time-boxed.

Use voting to break deadlocks.","Reduce discussion time.

Move to voting sooner.

Capture unresolved points in a parking lot.

Use facilitator decision-making if alignment cannot be reached within the allocated time.

If metric generation is running long, stop at the top five metrics and move into prioritisation.","One agreed objective.

Three measurable key results.

Named owners.

Review cadence agreed.

Clear understanding of what success looks like.","Section 1 – Workshop Overview

Section 2 – Proposed Objectives

Section 3 – Objective Clustering

Section 4 – Objective Voting

Section 5 – Metrics Generation

Section 6 – Metrics Clustering

Section 7 – Metrics Voting

Section 8 – Final OKRs

Section 9 – Actions & Owners",Hybrid,Hybrid,Medium,Medium,4–12 participants,
Journey Map,Understand,60 mins,Map the user or customer experience from start to finish.,"The team needs to understand user behaviour, friction, drop-off, or experience gaps.","Analytics, Existing research, User feedback","Insights, Journey map",,,,,,"Focus on the current experience before discussing solutions.

Use evidence wherever possible.

Encourage participants from different disciplines to contribute.

Pay particular attention to moments of confusion, frustration and drop-off.",,,,,Yes,,,,
Five Whys,Understand,30 mins,Explore root causes by repeatedly asking why a problem is happening.,The team sees symptoms but does not yet understand the underlying cause.,Problem statement,Insights,,,,,,"Do not force exactly five iterations.

Stop when the conversation reaches a meaningful root cause.

Avoid blaming people.

Focus on systems, behaviours and contributing factors.",,,,,Yes,,,,
Stakeholder Map,Understand,60 mins,"Identify stakeholders, influence, needs, and relationships.","The team needs to understand who is involved, affected, or influential.","Stakeholders, Team context","Alignment, Insights",,,,,,"Encourage participants to consider both obvious and hidden stakeholders.

Look for conflicting incentives.

Use the exercise to identify engagement risks and opportunities.",,,,,Yes,,,,
Problem Statement,Frame,60 mins,Turn a broad or unclear challenge into a focused problem statement.,The team has different interpretations of the problem or the challenge feels too broad.,"Existing research, Problem statement, User feedback","Alignment, Problem statement",,,,,,"Prevent participants from jumping to solutions.

Focus on the problem itself.

Keep statements specific and evidence-based.

Challenge vague language.",,,,,Yes,,,,
How Might We,Frame,60 mins,Reframe problems into opportunity-focused prompts for ideation.,The team understands the problem and needs to create useful opportunity statements.,"Insights, Problem statement","Ideas, Problem statement",,,,,,"Encourage open-ended questions.

Avoid leading questions that imply a solution.

Focus on creating opportunity spaces rather than constraints.",,,,,Yes,,,,
Crazy Eights,Ideas,30 mins,Generate a range of solution ideas quickly.,"The team needs options, concepts, or alternative approaches.","Opportunities, Problem statement",Ideas,,,,,,"Emphasise speed over quality.

Encourage participants to avoid self-editing.

The goal is variety and exploration rather than polished ideas.",,,,,Yes,,,,
Impact Effort Map,Evaluate,30 mins,Compare ideas or opportunities based on expected impact and effort.,The team has several options and needs to prioritise.,"Ideas, Opportunities","Decision, Prioritised list",,,,,,"Focus on relative comparison rather than precise scoring.

Challenge assumptions around effort and impact.

Look for opportunities to create alignment across the group.",,,,,Yes,,,,
Blind Vote,Decide,5 mins,Help the group make a quick decision without influence from louder voices.,The team needs to choose between options fairly and quickly.,"Ideas, Opportunities",Decision,,,,,,"Use when dominant personalities may influence decisions.

Avoid debating options during voting.

The objective is to reveal genuine preferences.",,,,,Yes,,,,
Who What When,Decide,10 mins,"Turn decisions into clear ownership, actions, and timings.",The team has made a decision and needs to agree next steps.,"Decision, Stakeholders",Action plan,,,,,,"Do not leave actions unassigned.

Push for clear ownership.

Ensure deadlines are realistic.

End the workshop with visible accountability.",,,,,Yes,,,,
G.R.O.W,Goals,60 mins,"Help individuals or teams define goals, understand reality, explore options and agree actions.","The team needs clarity on direction, objectives or next steps.","Business goal, Team context","Action plan, Shared goal",,,,,,"Keep the conversation grounded in reality.

Avoid jumping straight to solutions.

Spend sufficient time exploring the current situation before discussing options.

Ensure the session ends with clear commitments and actions.",,,,,Yes,,,,
Sailboat,Goals,60 mins,"Explore goals, risks, blockers and opportunities using a visual metaphor.",The team needs alignment around goals and obstacles.,"Business goal, Team context","Alignment, Risks, Shared goal",,,,,,"Use the visual metaphor to encourage participation.

Ensure both positive and negative factors are explored.

Focus on practical actions that can be taken after the workshop.",,,,,Yes,,,,
Newspaper Headline,Goals,60 mins,Define future success by imagining a positive headline about the outcome.,The team needs a shared vision of success.,Business goal,"Alignment, Shared goal",,,,,,"Encourage ambitious thinking.

Avoid discussing constraints too early.

Use the headlines to create a shared picture of success.",,,,,Yes,,,,
Sticky Steps,Goals,30 mins,Break a goal into small achievable steps.,The team knows the goal but needs a practical path forward.,Business goal,Action plan,,,,,,"Encourage participants to think in small achievable steps.

Challenge large vague actions.

Focus on creating momentum and clarity.",,,,,Yes,,,,
Empathy Map,Understand,60 mins,"Explore what users think, feel, see and do.",The team needs deeper understanding of users.,"Existing research, User feedback",Insights,,,,,,"Encourage participants to use evidence rather than assumptions.

Keep the discussion focused on the user rather than business needs.

Challenge unsupported statements.",,,,,Yes,,,,
Assumption Collecting,Understand,60 mins,Identify assumptions influencing decisions.,The team suspects decisions are being driven by opinion rather than evidence.,Team context,"Insights, Risks",,,,,,"Create a safe environment for participants to challenge existing thinking.

Distinguish assumptions from facts.

Prioritise assumptions that carry the greatest risk.",,,,,Yes,,,,
Service Map,Understand,90 mins,"Visualise people, systems and processes involved in delivering a service.",The team needs to understand operational complexity.,"Existing research, Stakeholders","Alignment, Insights",,,,,,"Keep participants focused on the whole service rather than isolated touchpoints.

Look for bottlenecks, handoffs and operational complexity.

Encourage contributions from multiple disciplines.",,,,,Yes,,,,
Roles & Responsibilities,Understand,60 mins,Clarify ownership and responsibilities across teams.,Ownership or accountability is unclear.,"Stakeholders, Team context","Alignment, Decision",,,,,,"Keep the discussion objective and focused on clarity.

Avoid turning the session into a performance review.

Focus on improving collaboration and accountability.",,,,,Yes,,,,
Prototype Persona,Understand,60 mins,Create provisional user personas from existing knowledge.,Research is limited but the team needs a shared understanding of users.,"Existing research, User feedback",Insights,,,,,,"Make it clear that the persona is a working hypothesis.

Avoid creating overly detailed fictional profiles.

Focus on creating shared understanding rather than perfection.",,,,,Yes,,,,
Mind Map,Ideas,30 mins,Generate ideas through associative thinking.,The team needs a broad range of possibilities.,Problem statement,Ideas,,,,,,"Encourage quantity over quality initially.

Avoid judging ideas during generation.

Look for clusters and connections that may not be obvious.

Use the final discussion to identify promising areas for further exploration.",,,,,Yes,,,,
Storyboard,Ideas,90 mins,"Visualise future experiences, concepts or service journeys.",The team wants to explore and communicate end-to-end solution ideas.,"Ideas, Problem statement, User feedback",Ideas,,,,,,"Keep participants focused on the experience rather than detailed UI solutions.

Encourage discussion around assumptions and risks.

Use the storyboard as a conversation tool rather than an artefact to perfect.",,,,,Yes,,,,
Round Robin,Ideas,30 mins,Generate ideas collaboratively while ensuring equal participation.,You want contributions from every participant and need to avoid dominant voices.,"Problem statement, Team context",Ideas,,,,,,"Ensure equal participation.

Prevent dominant voices from taking over.

Keep the pace moving.

Focus on idea generation rather than evaluation.",,,,,Yes,,,,
Reverse Brainstorm,Ideas,60 mins,Generate solutions by exploring how to make the problem worse first.,"The team feels stuck, is suffering from groupthink, or keeps generating similar ideas.","Problem statement, Team context",Ideas,,,,,,"This works best when teams are stuck or repeating the same ideas.

Encourage humour and exaggeration.

The value comes from reversing the negative ideas.",,,,,Yes,,,,
Premortem,Evaluate,60 mins,Identify potential risks before implementation begins.,The team wants to reduce risk and improve decision quality.,"Ideas, Opportunities, Stakeholders","Decision, Risks",,,,,,"Create psychological safety.

Encourage participants to surface uncomfortable truths.

Avoid turning the session into a solution workshop too early.",,,,,Yes,,,,
SWOT Analysis,Evaluate,90 mins,"Assess strengths, weaknesses, opportunities and threats.","The team needs structured evaluation of a challenge, opportunity or strategy.","Ideas, Problem statement, Stakeholders","Decision, Insights",,,,,,"Keep discussions balanced across all four areas.

Avoid spending too much time debating individual items.

Focus on identifying patterns and strategic implications.",,,,,Yes,,,,
"Rose, Thorn, Bud",Evaluate,30 mins,"Identify positives, challenges and opportunities within a situation.","The team wants a balanced evaluation of a project, feature, process or experience.","Existing research, Ideas, User feedback","Ideas, Insights",,,,,,"Encourage balanced thinking.

Prevent the conversation from becoming overly negative.

Use the opportunity section to identify future actions.",,,,,Yes,,,,
"Heart, Head, Hand",Evaluate,30 mins,"Evaluate ideas from emotional, logical and practical perspectives.",The team wants balanced decision making and needs to consider multiple viewpoints.,"Ideas, Opportunities","Decision, Insights",,,,,,"Encourage participants to contribute to all three areas.

Watch for teams focusing too heavily on logic and ignoring emotional or practical factors.

Use the discussion to reveal hidden trade-offs.",,,,,Yes,,,,
Start Stop Continue,Decide,60 mins,"Create alignment by identifying behaviours, activities or processes the team should start, stop or continue.","The team needs alignment, reflection or agreement on future ways of working.","Stakeholders, Team context","Action plan, Alignment",,,,,,"Keep the discussion constructive.

Avoid personal criticism.

Focus on behaviours, processes and ways of working rather than individuals.

Push for actionable outcomes.",,,,,Yes,,,,
Fishbowl,Discuss,60 mins,Enable structured discussion around difficult topics while ensuring all perspectives are heard.,The group has differing viewpoints or sensitive topics need discussion.,"Problem statement, Stakeholders","Alignment, Insights",,,,,,"Ensure balanced participation.

Avoid allowing a small number of people to dominate.

Focus on listening and understanding rather than winning arguments.",,,,,Hybrid,,,,
Democratic Discussion,Discuss,60 mins,Create equal opportunity for participation and decision making.,The team needs broad participation and collective ownership of outcomes.,"Stakeholders, Team context","Alignment, Decision",,,,,,"Protect equal participation.

Watch for dominant personalities.

Encourage quieter participants to contribute.

Focus on shared understanding.",,,,,Yes,,,,
Mad Sad Glad,Discuss,60 mins,"Explore emotional responses to a project, initiative or experience.","The team needs reflection, retrospectives or emotional insight.","Stakeholders, Team context","Alignment, Insights",,,,,,"Create psychological safety.

Encourage honesty.

Focus on understanding experiences rather than defending decisions.

Look for recurring patterns.",,,,,Yes,,,,
Three Little Pigs,Discuss,60 mins,"Assess ideas, processes or initiatives based on confidence and maturity.","The team needs to evaluate whether solutions are fragile, developing or robust.","Ideas, Opportunities, Stakeholders","Decision, Insights",,,,,,"Focus discussion on evidence rather than opinion.

Challenge assumptions.

Use the exercise to identify risk and increase confidence in decision making.",,,,,Yes,,,,